carat,cut,color,clarity,depth,table,price,x,y,z
1.1,Ideal,H,SI2,62.0,55.0,4733,6.61,6.65,4.11
1.29,Ideal,H,SI1,62.6,56.0,6424,6.96,6.93,4.35
1.2,Premium,I,SI1,61.1,58.0,5510,6.88,6.8,4.18
1.5,Ideal,F,SI1,60.9,56.0,8770,7.43,7.36,4.5
0.9,Very Good,F,VS2,61.7,57.0,4493,6.17,6.21,3.82
0.32,Ideal,G,IF,61.7,54.0,918,4.39,4.42,2.72
0.3,Very Good,H,IF,62.9,58.0,789,4.26,4.29,2.69
0.61,Ideal,E,VVS2,61.3,54.0,2823,5.51,5.59,3.4
2.01,Premium,G,SI2,61.2,57.2,18705,8.08,8.14,4.97
0.31,Ideal,I,VS1,61.2,55.0,507,4.37,4.39,2.68
0.64,Ideal,H,SI1,61.7,55.0,1880,5.54,5.57,3.43
0.41,Ideal,E,VS2,61.6,55.0,935,4.75,4.79,2.94
0.52,Ideal,F,VS1,62.0,57.0,1872,5.16,5.13,3.19
0.3,Premium,G,IF,61.0,62.0,956,4.34,4.32,2.64
1.01,Good,H,SI2,64.1,56.0,3111,6.37,6.3,4.06
2.01,Premium,I,SI1,61.5,60.0,16499,8.12,8.01,4.96
0.32,Ideal,G,IF,60.5,57.0,954,4.42,4.44,2.68
1.51,Ideal,I,SI1,61.1,59.0,8342,7.4,7.37,4.51
2.5,Fair,G,I1,65.1,59.0,8711,8.55,8.39,5.53
0.7,Ideal,G,SI1,61.9,58.0,2567,5.66,5.69,3.51
0.34,Ideal,I,VS1,62.0,56.0,555,4.5,4.53,2.8
1.7,Ideal,G,VVS1,61.0,56.0,18445,7.67,7.62,4.66
1.2,Ideal,F,VS2,62.3,55.0,8486,6.83,6.79,4.24
0.35,Premium,E,VS2,62.1,59.0,984,4.49,4.46,2.78
0.36,Very Good,G,VVS2,59.5,56.0,858,4.68,4.73,2.8
0.56,Ideal,G,VVS2,61.6,55.0,2066,5.32,5.35,3.28
0.27,Ideal,H,VS1,62.3,56.0,464,4.15,4.17,2.59
0.33,Ideal,G,IF,61.7,55.0,1052,4.47,4.45,2.75
0.38,Very Good,D,SI1,59.7,60.0,733,4.66,4.69,2.79
0.5,Very Good,H,SI1,62.9,58.0,1068,5.01,5.04,3.16
1.21,Premium,H,VS2,60.8,62.0,5461,6.82,6.78,4.13
0.33,Premium,G,SI1,62.3,59.0,492,4.39,4.44,2.75
0.31,Ideal,D,VS1,61.6,54.0,696,4.33,4.37,2.68
0.5,Premium,G,VVS2,61.6,60.0,1935,5.13,5.1,3.15
0.52,Premium,E,VS1,61.7,58.0,1819,5.17,5.11,3.17
0.38,Ideal,E,VS1,62.2,54.1,1133,4.63,4.65,2.89
1.7,Premium,I,VS2,60.7,59.0,11519,7.63,7.7,4.65
0.3,Premium,H,VS1,61.0,58.0,675,4.31,4.28,2.62
0.24,Ideal,H,VS2,61.1,56.0,391,3.99,4.03,2.45
0.54,Ideal,D,SI1,60.8,57.0,1786,5.31,5.25,3.21
1.5,Premium,F,VVS2,58.8,58.0,17203,7.51,7.43,4.39
0.4,Ideal,J,VVS2,61.9,55.0,662,4.74,4.79,2.95
0.61,Good,F,VS2,63.0,64.2,1971,5.29,5.32,3.34
1.0,Very Good,I,VS2,64.0,54.0,4739,6.28,6.34,4.04
0.72,Ideal,F,VS1,60.5,56.0,3759,5.82,5.85,3.53
1.02,Fair,E,VS2,66.6,57.0,5350,6.09,6.14,4.07
0.41,Ideal,F,VVS1,60.3,56.0,1295,4.8,4.85,2.91
0.3,Ideal,D,VS1,62.0,54.0,848,4.34,4.3,2.68
0.28,Ideal,G,IF,61.3,57.0,650,4.25,4.27,2.6
0.31,Premium,G,VVS1,60.7,58.0,816,4.37,4.4,2.66
0.53,Ideal,F,VS2,61.3,55.0,1723,5.22,5.25,3.21
0.33,Ideal,E,VS2,61.0,57.0,928,4.46,4.43,2.71
0.52,Very Good,H,VS2,63.5,58.0,1389,5.08,5.09,3.23
1.5,Good,I,VS1,63.3,58.0,8910,7.19,7.24,4.57
1.0,Very Good,I,SI1,58.5,61.0,4649,6.51,6.55,3.82
1.91,Premium,G,SI2,61.9,58.0,9038,7.9,7.84,4.87
1.51,Ideal,I,SI1,61.2,60.0,8396,7.39,7.37,4.52
0.32,Premium,I,SI1,62.9,58.0,554,4.35,4.33,2.73
1.0,Premium,G,VS1,62.9,60.0,6989,6.36,6.29,3.98
0.42,Premium,F,VVS2,60.3,59.0,1221,4.86,4.83,2.92
1.21,Very Good,I,SI1,62.8,57.0,5346,6.73,6.8,4.25
0.59,Very Good,G,SI1,59.3,58.0,1555,5.45,5.51,3.25
0.75,Fair,F,VS1,55.8,70.0,2859,6.09,5.98,3.37
2.01,Premium,H,VS2,62.8,58.0,13342,7.99,7.9,4.99
0.77,Premium,F,VS2,62.4,59.0,3018,5.85,5.81,3.64
0.61,Ideal,G,VVS2,62.4,53.8,2331,5.42,5.45,3.39
1.35,Ideal,G,IF,62.2,57.0,14616,7.07,7.11,4.41
1.01,Ideal,E,VVS2,62.7,56.0,9735,6.42,6.46,4.04
0.3,Good,G,VS2,58.5,64.0,648,4.42,4.37,2.57
1.0,Very Good,D,SI1,60.1,60.0,4697,6.47,6.55,3.91
0.5,Fair,E,SI2,68.6,56.0,871,4.87,4.75,3.3
0.42,Ideal,G,VVS2,62.1,57.0,1103,4.8,4.77,2.97
0.77,Ideal,H,SI1,62.2,56.0,2781,5.83,5.88,3.64
2.3,Premium,I,SI2,61.3,58.0,11051,8.53,8.46,5.21
0.53,Very Good,G,VS1,60.9,56.0,1636,5.24,5.27,3.2
1.22,Ideal,G,VS1,62.5,57.0,8608,6.82,6.77,4.25
0.37,Ideal,I,VS1,60.8,56.0,603,4.67,4.71,2.85
1.82,Premium,I,VS1,61.4,60.0,13939,7.83,7.8,4.8
0.74,Very Good,E,VS2,61.8,58.0,3180,5.79,5.82,3.59
0.64,Very Good,I,SI1,63.0,57.0,1390,5.47,5.52,3.46
0.32,Ideal,F,VVS1,60.3,57.0,912,4.42,4.44,2.67
0.3,Premium,J,VS2,60.6,59.0,473,4.38,4.34,2.64
0.67,Premium,G,VS2,61.0,57.0,2050,5.68,5.63,3.45
0.43,Ideal,D,SI1,61.5,56.0,830,4.82,4.87,2.98
1.01,Very Good,F,VS1,62.8,58.0,6999,6.32,6.39,3.99
1.54,Very Good,J,SI1,61.2,59.0,7453,7.41,7.45,4.55
1.01,Very Good,E,VS2,63.3,58.0,6516,6.38,6.35,4.03
1.2,Premium,G,VS1,62.5,59.0,8056,6.72,6.64,4.19
0.3,Ideal,E,VVS1,62.5,56.0,862,4.28,4.3,2.68
1.56,Ideal,I,SI1,62.5,54.0,9788,7.45,7.37,4.63
0.32,Ideal,G,VVS2,61.1,55.0,730,4.42,4.45,2.71
0.53,Ideal,E,VS2,61.9,55.0,1813,5.22,5.19,3.22
0.73,Ideal,E,SI1,62.2,56.0,2791,5.74,5.78,3.58
0.4,Very Good,F,VS1,60.4,58.0,868,4.75,4.79,2.88
0.56,Ideal,D,SI1,61.2,57.0,1664,5.37,5.35,3.28
0.32,Premium,H,VVS1,62.9,58.0,936,4.37,4.34,2.74
0.41,Premium,E,VS1,59.9,58.0,1079,4.83,4.88,2.91
0.38,Ideal,G,VS1,62.1,56.0,1040,4.68,4.63,2.89
1.53,Premium,F,SI1,62.0,56.0,11370,7.47,7.39,4.61
1.02,Premium,H,SI2,61.1,61.0,4113,6.51,6.48,3.97
2.41,Good,I,SI2,57.7,61.0,17923,8.87,8.83,5.11
0.7,Very Good,E,VS2,58.8,56.0,2473,5.79,5.84,3.42
1.05,Premium,H,SI2,63.0,59.0,4234,6.48,6.44,4.07
0.24,Ideal,F,VVS1,60.8,55.0,678,4.03,4.06,2.46
0.7,Premium,G,VS2,58.1,55.0,2657,5.83,5.8,3.38
0.93,Very Good,D,SI2,62.6,57.0,4214,6.2,6.26,3.9
2.05,Premium,I,SI1,61.2,57.0,15837,8.24,8.21,5.03
0.32,Premium,H,VVS1,61.4,58.0,936,4.42,4.37,2.7
0.51,Premium,E,VS2,61.0,60.0,1656,5.12,5.17,3.14
1.11,Premium,G,SI1,60.9,59.0,4096,6.69,6.64,4.07
0.9,Premium,H,SI1,62.8,62.0,3387,6.09,6.05,3.81
0.7,Ideal,I,SI2,61.5,53.0,1702,5.74,5.77,3.54
1.19,Very Good,D,SI2,61.1,58.0,6157,6.84,6.88,4.19
0.3,Premium,E,SI1,62.5,59.0,526,4.28,4.3,2.68
0.3,Ideal,D,VS2,60.6,58.0,670,4.31,4.33,2.62
0.54,Ideal,J,SI1,62.5,54.0,964,5.22,5.25,3.27
0.5,Fair,H,VS1,66.6,58.0,1134,4.95,4.84,3.26
1.12,Premium,G,SI2,61.2,58.0,4084,6.67,6.69,4.09
2.01,Fair,D,SI2,66.9,57.0,16086,7.87,7.76,5.23
0.3,Premium,F,VVS2,62.4,58.0,945,4.28,4.25,2.66
1.5,Premium,F,VS1,62.2,60.0,15851,7.3,7.27,4.53
0.71,Premium,E,SI1,60.1,60.0,2552,5.78,5.73,3.45
0.55,Ideal,G,VS1,61.5,57.0,1763,5.23,5.28,3.23
0.52,Good,I,SI1,63.6,60.0,1073,5.1,5.05,3.23
1.2,Premium,D,VS2,61.1,58.0,10161,6.85,6.83,4.18
0.73,Ideal,E,SI1,62.8,57.0,2728,5.73,5.74,3.6
0.43,Ideal,I,VVS1,62.2,57.0,968,4.84,4.81,3.0
1.1,Ideal,H,SI1,62.5,57.0,4764,6.6,6.56,4.11
0.76,Ideal,H,SI1,61.4,55.0,3050,5.82,5.9,3.6
0.71,Very Good,G,VS1,64.0,56.0,2630,5.65,5.67,3.62
1.03,Good,J,I1,58.2,64.0,2220,6.64,6.69,3.88
1.02,Ideal,J,SI2,60.3,54.0,2879,6.53,6.5,3.93
0.35,Ideal,G,VVS1,61.0,56.0,1028,4.56,4.59,2.79
0.34,Good,H,SI1,63.7,57.0,490,4.44,4.45,2.83
0.7,Fair,G,VS2,64.9,57.0,2479,5.55,5.54,3.6
0.5,Ideal,F,VS2,60.9,57.0,1749,5.14,5.16,3.14
0.74,Premium,E,VS1,62.8,59.0,3357,5.76,5.68,3.59
1.11,Premium,G,SI1,60.1,60.0,5281,6.73,6.68,4.03
0.31,Premium,H,IF,60.8,59.0,949,4.39,4.36,2.66
0.4,Ideal,H,VVS1,62.0,54.0,1017,4.72,4.76,2.94
0.51,Ideal,E,VS1,61.5,56.0,1758,5.11,5.16,3.16
2.01,Good,G,SI2,63.6,59.0,15977,8.0,7.95,5.07
1.51,Ideal,I,VS2,61.6,57.0,9352,7.34,7.28,4.5
0.91,Fair,D,VS2,64.5,55.0,4765,6.24,6.07,3.97
0.5,Premium,D,VS2,62.2,60.0,1431,5.15,5.05,3.17
0.37,Premium,G,VS1,61.5,58.0,957,4.6,4.57,2.82
1.01,Very Good,G,VS1,58.8,58.0,6777,6.52,6.61,3.86
0.75,Ideal,J,SI1,61.5,56.0,2850,5.83,5.87,3.6
0.53,Premium,E,VS2,59.6,58.0,2061,5.36,5.32,3.18
0.89,Ideal,D,SI2,60.8,56.0,4192,6.22,6.25,3.79
0.9,Good,I,VVS1,63.6,58.0,4114,6.14,6.1,3.89
0.48,Premium,H,VS1,60.7,61.0,1270,5.04,5.01,3.05
0.9,Very Good,G,SI2,61.1,55.0,3445,6.21,6.26,3.81
0.9,Premium,H,I1,58.8,62.0,1599,6.32,6.26,3.7
0.56,Very Good,D,SI1,62.2,63.0,1378,5.23,5.28,3.27
0.52,Ideal,G,VS2,61.9,55.0,1586,5.15,5.19,3.2
0.74,Ideal,E,VVS2,62.2,57.0,4082,5.78,5.83,3.61
0.81,Premium,D,VS1,62.3,58.0,4284,5.94,6.0,3.72
0.71,Ideal,F,SI1,62.9,57.0,2381,5.71,5.65,3.57
1.2,Premium,J,SI2,59.6,62.0,3951,6.95,6.9,4.13
0.3,Premium,F,VS2,61.4,60.0,776,4.34,4.29,2.65
1.19,Very Good,E,SI1,58.0,63.0,5956,6.9,6.97,4.02
0.34,Premium,I,SI1,60.0,58.0,589,4.55,4.51,2.72
1.22,Ideal,D,VS2,61.7,56.0,10538,6.89,6.86,4.24
0.45,Good,E,SI1,63.9,57.0,1063,4.86,4.81,3.09
1.01,Premium,H,VS2,61.9,62.0,4559,6.45,6.37,3.97
1.38,Good,J,SI2,63.7,58.0,4598,7.06,7.01,4.48
0.92,Ideal,F,VS2,61.2,56.0,5805,6.25,6.3,3.84
0.91,Premium,E,VS1,62.7,59.0,4969,6.19,6.15,3.87
1.25,Very Good,E,SI2,60.8,55.0,6073,6.94,7.0,4.24
0.41,Ideal,I,VS2,61.5,55.0,747,4.8,4.82,2.96
0.41,Ideal,I,VVS2,60.7,57.0,894,4.81,4.84,2.93
2.11,Premium,J,SI2,61.0,58.0,12554,8.29,8.2,5.03
0.5,Ideal,E,SI1,60.6,57.0,1250,5.19,5.14,3.13
0.3,Premium,D,VS2,61.0,58.0,911,4.34,4.32,2.64
0.33,Premium,G,VVS2,61.0,58.0,752,4.44,4.48,2.72
1.32,Premium,I,VS1,62.4,58.0,4719,7.01,6.96,4.36
1.57,Ideal,I,SI2,62.8,57.0,7385,7.39,7.36,4.63
0.23,Very Good,D,VVS2,61.9,60.0,505,3.9,3.95,2.43
1.09,Premium,F,VS1,60.9,58.0,8057,6.63,6.67,4.05
0.91,Good,G,SI2,63.6,59.0,3282,6.15,6.11,3.9
1.25,Ideal,G,SI2,61.5,56.0,6300,7.0,6.92,4.28
0.29,Very Good,D,VVS2,59.1,61.0,600,4.33,4.37,2.57
1.01,Very Good,D,VS2,60.6,56.0,7001,6.45,6.51,3.93
0.56,Premium,G,SI1,60.2,59.0,1441,5.36,5.34,3.22
0.61,Ideal,G,VVS1,62.7,58.0,2544,5.39,5.43,3.39
0.71,Good,I,VVS2,63.1,58.0,2428,5.64,5.71,3.58
0.35,Ideal,D,VVS1,61.5,57.0,1167,4.52,4.55,2.79
0.34,Ideal,G,IF,61.3,56.0,974,4.52,4.55,2.78
2.01,Premium,I,SI1,60.5,58.0,12829,8.2,8.06,4.92
1.58,Premium,J,SI1,59.8,58.0,7654,7.61,7.57,4.54
1.02,Ideal,E,VS2,60.7,56.0,6704,6.58,6.61,4.0
0.3,Very Good,G,SI1,59.5,63.0,574,4.32,4.29,2.56
0.71,Ideal,F,VS2,62.1,54.0,2780,5.68,5.72,3.54
1.01,Very Good,I,SI1,64.2,55.0,4475,6.28,6.34,4.05
1.02,Ideal,G,VS2,60.5,57.0,6356,6.51,6.55,3.95
0.4,Premium,F,VS1,62.5,59.0,1050,4.69,4.66,2.92
0.32,Premium,F,VVS1,60.7,58.0,1235,4.4,4.43,2.68
0.74,Good,D,VVS1,59.2,62.6,4274,5.85,5.87,3.47
0.72,Ideal,F,VS1,61.3,56.0,3759,5.74,5.78,3.54
0.75,Ideal,H,SI1,61.9,55.0,3011,5.82,5.85,3.61
1.51,Premium,E,SI1,58.3,59.0,12644,7.52,7.47,4.37
0.53,Good,E,VS2,58.6,62.0,1422,5.26,5.32,3.1
1.25,Premium,I,SI2,60.5,58.0,5166,7.0,6.96,4.22
0.51,Very Good,E,VS1,62.0,61.0,1636,5.11,5.14,3.18
0.32,Ideal,I,VVS2,62.2,54.5,567,4.38,4.42,2.74
0.55,Ideal,H,IF,62.3,54.0,1905,5.25,5.28,3.28
1.02,Ideal,E,VS1,62.6,56.0,8545,6.45,6.42,4.03
1.2,Ideal,F,VS2,61.2,53.0,8588,6.88,6.85,4.2
1.0,Premium,E,VVS1,60.3,54.0,10134,6.59,6.47,3.94
0.3,Ideal,H,SI1,62.0,58.0,407,4.25,4.33,2.66
0.55,Premium,G,SI2,60.3,58.0,1186,5.35,5.33,3.22
0.32,Ideal,D,SI1,62.6,55.0,756,4.39,4.36,2.74
1.26,Premium,G,VS2,60.1,61.0,8113,7.04,6.97,4.21
1.22,Ideal,F,SI2,62.5,56.0,6518,6.85,6.81,4.27
0.88,Ideal,I,SI1,63.2,56.0,3264,6.04,6.09,3.83
0.52,Ideal,E,VS2,60.9,57.0,1689,5.21,5.23,3.18
0.52,Ideal,G,SI1,62.2,54.0,1352,5.18,5.2,3.23
0.9,Premium,F,SI2,60.5,57.0,3704,6.23,6.2,3.76
0.32,Ideal,D,VS1,61.1,56.0,707,4.44,4.47,2.72
0.51,Very Good,D,VS2,63.7,55.0,1599,5.05,5.09,3.23
0.84,Premium,F,SI2,62.3,59.0,2863,6.06,6.01,3.76
1.56,Ideal,H,SI2,62.3,55.0,6716,7.39,7.35,4.59
0.24,Ideal,F,VVS2,62.6,57.0,552,3.93,3.96,2.47
0.35,Premium,G,VVS2,62.2,58.0,1024,4.54,4.49,2.81
0.36,Premium,D,SI2,60.0,58.0,689,4.62,4.58,2.76
0.4,Premium,G,IF,59.8,58.0,1333,4.79,4.85,2.88
1.52,Very Good,J,SI1,62.3,57.0,7239,7.32,7.38,4.58
0.25,Very Good,I,VVS2,62.1,56.0,500,4.03,4.05,2.51
1.04,Very Good,F,VS1,61.6,60.0,8090,6.49,6.54,4.01
0.73,Ideal,F,VS1,61.2,56.0,2835,5.89,5.81,3.58
1.11,Very Good,H,SI2,61.5,59.0,4029,6.56,6.61,4.05
0.4,Premium,E,SI1,62.0,61.0,882,4.71,4.67,2.91
0.26,Ideal,E,VVS2,61.3,57.0,733,4.12,4.15,2.53
2.1,Fair,G,I1,67.4,59.0,6597,7.82,7.76,5.24
0.36,Premium,G,SI1,61.8,59.0,537,4.55,4.57,2.82
0.57,Very Good,F,VS2,62.0,54.0,1637,5.31,5.34,3.3
0.79,Ideal,H,IF,61.3,56.0,4046,5.96,5.98,3.66
0.34,Ideal,E,SI1,62.9,56.0,765,4.48,4.45,2.81
0.9,Premium,H,VS2,60.0,59.0,3629,6.23,6.16,3.72
0.9,Very Good,F,SI1,60.4,60.0,3950,6.23,6.29,3.78
0.32,Ideal,D,SI2,59.8,57.0,477,4.4,4.46,2.65
0.31,Good,D,SI2,63.6,54.0,593,4.34,4.31,2.75
0.35,Premium,G,VS1,60.7,61.0,906,4.58,4.54,2.77
0.72,Ideal,E,SI2,61.9,55.0,2398,5.76,5.78,3.57
0.73,Ideal,E,SI1,60.1,56.0,2661,5.91,5.87,3.54
0.3,Ideal,H,SI1,61.9,57.0,450,4.3,4.32,2.67
0.75,Ideal,E,SI2,62.6,55.0,3129,5.72,5.79,3.6
1.01,Fair,G,SI2,67.1,59.0,2942,6.27,6.19,4.18
1.01,Good,I,VS2,63.6,57.0,3620,6.3,6.21,3.98
0.55,Very Good,E,VVS2,60.6,56.0,2499,5.33,5.36,3.24
0.3,Ideal,E,VS2,62.0,55.0,658,4.25,4.3,2.65
1.99,Premium,G,SI2,59.1,61.0,11486,8.08,8.05,4.77
0.5,Ideal,D,VVS2,61.8,54.1,2639,5.1,5.14,3.16
0.37,Ideal,G,VS2,62.2,57.0,833,4.64,4.59,2.87
0.32,Ideal,F,VVS1,61.1,56.0,1061,4.45,4.42,2.71
0.72,Ideal,F,SI1,61.0,55.0,2920,5.78,5.85,3.55
1.09,Premium,I,VS2,60.1,59.0,5306,6.74,6.67,4.03
0.9,Very Good,G,VS2,58.8,61.0,4400,6.28,6.3,3.7
0.3,Premium,H,SI1,60.8,61.0,540,4.3,4.25,2.6
1.15,Premium,H,SI2,61.6,60.0,4830,6.75,6.72,4.15
0.32,Premium,D,SI1,61.4,58.0,756,4.42,4.38,2.7
0.5,Premium,H,SI1,62.9,58.0,1172,5.04,5.01,3.16
0.4,Premium,E,SI1,62.0,55.0,945,4.74,4.68,2.92
0.5,Ideal,G,VVS1,62.1,53.5,1865,5.08,5.13,3.17
0.83,Premium,E,SI1,60.7,58.0,3482,6.06,6.09,3.69
1.2,Premium,D,SI2,60.2,60.0,4203,6.94,6.81,4.14
0.4,Very Good,E,SI1,61.4,58.0,687,4.77,4.81,2.94
0.33,Ideal,H,VS1,61.9,56.0,579,4.44,4.48,2.76
0.54,Good,G,VS2,56.9,62.0,1637,5.42,5.4,3.08
1.01,Fair,E,SI1,56.8,61.0,5185,6.59,6.62,3.75
1.01,Fair,F,SI1,66.1,60.0,3197,6.15,6.13,4.06
0.31,Ideal,H,VVS2,62.4,57.0,625,4.32,4.36,2.71
0.4,Very Good,E,SI1,62.9,58.0,707,4.71,4.74,2.97
0.39,Ideal,F,VVS2,61.3,56.0,988,4.73,4.77,2.91
0.31,Ideal,G,VVS2,61.4,56.0,907,4.38,4.35,2.68
0.31,Ideal,H,SI1,61.5,56.0,591,4.36,4.39,2.69
0.33,Premium,I,IF,62.0,58.0,891,4.46,4.44,2.76
0.3,Very Good,H,SI1,61.3,61.0,421,4.25,4.27,2.61
0.52,Ideal,D,VS2,61.8,55.0,1919,5.19,5.16,3.2
0.41,Premium,E,VS1,60.6,59.0,1153,4.8,4.77,2.9
0.7,Ideal,G,VVS2,61.0,56.0,3205,5.74,5.77,3.51
1.09,Ideal,G,VS2,61.2,56.0,7357,6.62,6.64,4.06
1.01,Premium,G,VS1,62.3,59.0,6618,6.42,6.38,3.99
0.3,Ideal,G,VS1,61.9,56.0,776,4.34,4.29,2.67
0.5,Premium,D,SI1,61.3,60.0,1279,5.15,5.1,3.14
1.13,Premium,G,SI2,60.0,61.0,4518,6.78,6.71,4.05
0.59,Ideal,G,VVS2,61.0,57.0,2131,5.44,5.41,3.31
1.3,Good,J,SI2,62.9,56.0,5124,6.9,6.94,4.35
0.45,Very Good,G,SI2,59.7,61.0,764,4.95,5.0,2.97
0.73,Ideal,E,VS1,62.3,56.0,3311,5.8,5.75,3.6
0.41,Ideal,D,VVS2,62.3,55.0,1295,4.76,4.77,2.97
0.31,Good,G,SI1,63.6,57.0,593,4.33,4.29,2.74
1.52,Good,H,VS2,63.3,57.0,10428,7.32,7.33,4.64
0.32,Ideal,G,VVS2,61.4,55.0,730,4.4,4.43,2.71
1.26,Ideal,G,SI2,60.9,55.0,6046,7.05,7.0,4.28
1.01,Good,G,SI1,63.9,57.0,4588,6.3,6.37,4.05
0.9,Very Good,G,SI2,63.1,59.0,3353,6.11,6.16,3.87
0.76,Premium,D,SI2,58.8,57.0,2706,6.03,5.98,3.51
0.5,Ideal,G,SI1,61.7,57.0,1237,5.06,5.08,3.13
0.7,Premium,J,VS2,61.2,60.0,1940,5.73,5.7,3.5
1.21,Ideal,H,VS1,60.7,57.0,6834,6.86,6.89,4.17
1.0,Very Good,G,VVS2,62.3,58.0,7528,6.39,6.45,4.0
0.32,Premium,H,VS2,60.5,59.0,648,4.43,4.39,2.67
2.01,Fair,H,SI2,66.7,56.0,10772,7.8,7.76,5.19
1.01,Good,J,VS2,62.8,58.0,3655,6.3,6.35,3.97
0.35,Premium,F,VS2,61.5,59.0,706,4.53,4.55,2.79
1.62,Premium,F,SI1,60.1,58.0,11733,7.63,7.59,4.57
0.34,Ideal,G,VS2,61.1,55.0,765,4.55,4.52,2.77
1.2,Ideal,I,SI1,62.2,57.0,4368,6.8,6.77,4.22
0.28,Very Good,D,VVS2,62.2,52.0,777,4.21,4.25,2.63
0.41,Premium,F,VVS2,60.3,58.0,1192,4.83,4.79,2.9
0.58,Premium,E,VS1,60.7,58.0,2105,5.41,5.36,3.27
0.53,Premium,E,VS2,58.5,61.0,1908,5.33,5.26,3.1
0.47,Ideal,I,VS2,62.1,54.0,884,4.98,5.0,3.1
0.5,Premium,D,VS2,61.1,58.0,1845,5.12,5.09,3.12
0.44,Good,D,VS2,60.6,64.0,1238,4.97,4.89,2.99
0.71,Ideal,D,SI2,62.3,56.0,2416,5.68,5.72,3.55
0.3,Ideal,G,VVS1,62.3,54.0,789,4.31,4.33,2.69
0.48,Good,G,VS1,58.6,62.0,1199,5.14,5.2,3.03
0.78,Very Good,E,SI1,63.4,56.0,2565,5.84,5.9,3.72
0.34,Ideal,H,VVS2,60.9,55.0,652,4.52,4.54,2.75
1.1,Premium,H,VS1,61.3,58.0,5673,6.66,6.61,4.07
0.73,Ideal,D,VVS2,62.2,56.0,4252,5.79,5.73,3.58
1.01,Good,I,SI2,62.6,59.0,3823,6.34,6.43,4.0
0.91,Very Good,F,SI1,62.3,60.0,4049,6.08,6.15,3.81
0.32,Ideal,H,VS1,61.1,56.0,561,4.44,4.46,2.72
1.09,Ideal,F,VVS2,62.1,56.0,10246,6.55,6.59,4.08
1.01,Very Good,D,SI2,61.4,60.0,4564,6.33,6.38,3.9
2.01,Good,I,VS2,63.8,58.0,15147,7.82,7.89,5.01
1.46,Premium,G,SI2,59.5,59.0,7931,7.34,7.29,4.35
1.0,Good,F,SI1,64.1,60.0,-1,6.25,6.19,3.99
0.71,Very Good,I,VVS1,63.0,58.0,2549,5.66,5.68,3.57
0.31,Very Good,E,VVS2,61.5,55.0,710,4.37,4.41,2.7
0.98,Good,F,SI1,56.8,64.0,4226,6.68,6.52,3.75
1.25,Good,F,VS2,63.9,58.0,6440,6.76,6.71,4.31
0.4,Ideal,G,IF,62.2,55.0,1333,4.73,4.76,2.95
0.7,Good,I,SI1,63.6,55.0,1995,5.62,5.58,3.56
0.4,Very Good,E,SI1,62.2,56.0,694,4.71,4.74,2.94
0.51,Ideal,D,SI1,61.7,55.0,1569,5.11,5.16,3.17
1.12,Ideal,G,VS2,62.0,56.0,6652,6.64,6.69,4.13
0.33,Ideal,G,VVS2,61.3,56.0,730,4.46,4.48,2.74
0.36,Ideal,H,SI1,61.4,56.0,684,4.56,4.59,2.81
0.24,Very Good,F,SI1,60.9,61.0,404,4.02,4.03,2.45
1.01,Premium,G,IF,61.3,58.0,7352,6.48,6.4,3.95
1.07,Ideal,H,SI1,61.0,56.0,5281,6.6,6.68,4.05
1.21,Premium,H,SI2,60.9,61.0,5218,6.88,6.82,4.17
0.3,Good,H,VVS2,63.6,56.0,776,4.29,4.26,2.72
0.46,Ideal,H,IF,62.2,55.0,1450,4.94,4.99,3.09
0.32,Premium,H,VS1,62.4,58.0,561,4.35,4.4,2.73
0.33,Very Good,F,SI2,63.0,58.0,434,4.4,4.42,2.78
0.3,Premium,H,VVS2,60.8,60.0,605,4.29,4.33,2.62
0.51,Very Good,E,SI1,62.8,56.0,1438,5.07,5.15,3.21
1.01,Premium,F,VS2,61.1,59.0,6097,6.44,6.35,3.91
1.83,Very Good,I,VS1,61.9,57.0,13587,7.85,7.91,4.88
0.93,Good,G,SI2,64.5,56.3,3425,6.08,6.14,3.94
0.57,Very Good,G,VS1,59.3,56.0,1648,5.38,5.44,3.21
0.34,Ideal,E,VS2,62.6,57.0,745,4.45,4.47,2.79
0.32,Premium,F,SI1,60.7,62.0,638,4.43,4.4,2.68
1.01,Very Good,G,VS1,62.2,53.0,6613,6.48,6.54,4.05
1.51,Very Good,H,SI1,61.7,61.0,9218,7.3,7.35,4.52
2.08,Ideal,H,SI1,61.7,58.0,17469,8.13,8.21,5.04
1.02,Very Good,G,SI2,61.6,61.0,4291,6.46,6.47,3.98
0.51,Very Good,D,VS1,61.0,57.0,1756,5.15,5.18,3.15
1.01,Ideal,G,VS2,61.0,56.0,6855,6.46,6.49,3.95
0.33,Ideal,E,VS1,62.3,53.8,771,4.42,4.44,2.76
1.51,Very Good,I,SI1,62.6,60.0,8637,7.27,7.34,4.57
1.24,Very Good,I,SI1,60.4,58.0,5456,6.95,7.02,4.22
0.51,Premium,E,SI2,62.0,57.0,1205,5.13,5.09,3.17
1.51,Ideal,E,SI2,62.7,55.0,7272,7.27,7.18,4.53
2.0,Fair,H,SI2,65.3,55.0,10752,7.88,7.79,5.12
0.41,Premium,E,SI1,61.8,60.0,904,4.78,4.74,2.94
0.23,Very Good,H,VVS2,62.4,55.0,431,3.91,3.94,2.45
1.28,Ideal,I,SI2,62.5,59.0,5719,6.88,6.95,4.32
0.27,Ideal,H,VS1,62.2,56.0,449,4.12,4.15,2.57
0.3,Ideal,F,IF,59.8,58.0,873,4.37,4.46,2.64
1.15,Premium,G,VS1,63.0,60.0,7032,6.68,6.6,4.18
0.72,Ideal,J,VS2,61.4,57.0,2099,5.76,5.8,3.55
1.01,Good,G,SI2,61.1,62.0,3948,6.38,6.48,3.93
1.6,Premium,F,SI2,61.8,57.0,6899,7.51,7.46,4.63
0.71,Ideal,F,SI2,61.8,57.0,2667,5.69,5.72,3.53
0.4,Very Good,F,VS1,62.2,57.6,1089,4.74,4.76,2.96
0.31,Ideal,H,IF,62.1,54.0,1046,4.37,4.33,2.7
1.07,Ideal,H,VS2,61.8,56.0,5108,6.52,6.55,4.04
0.33,Ideal,F,VS2,61.1,56.0,804,4.47,4.5,2.74
0.31,Ideal,G,VS2,62.1,55.0,577,4.35,4.38,2.71
0.3,Premium,G,VS1,62.5,59.0,787,4.32,4.25,2.68
0.96,Fair,H,I1,64.3,59.0,1739,6.38,5.88,3.98
0.32,Ideal,E,I1,60.7,57.0,490,4.45,4.41,2.69
0.49,Very Good,F,SI1,62.5,57.0,1116,4.99,5.02,3.13
1.03,Premium,G,VS1,62.2,57.0,6659,6.47,6.42,4.01
1.67,Very Good,J,SI1,62.3,59.0,7911,7.59,7.63,4.74
1.67,Premium,I,VS1,61.1,58.0,11400,7.69,7.6,4.67
0.7,Very Good,H,SI1,63.3,58.0,2048,5.61,5.64,3.56
1.5,Very Good,E,SI1,59.4,59.0,11325,7.42,7.49,4.43
0.28,Very Good,G,VS2,61.3,57.0,492,4.21,4.24,2.59
0.3,Good,G,VS2,63.1,57.0,526,4.24,4.28,2.69
0.56,Ideal,G,VVS2,61.6,56.0,2081,5.32,5.29,3.27
0.31,Ideal,D,VS1,60.6,57.0,713,4.36,4.39,2.65
0.3,Premium,E,VS2,62.0,60.0,844,4.26,4.23,2.63
1.21,Very Good,H,SI2,62.6,61.0,5324,6.7,6.75,4.21
1.2,Premium,H,SI1,62.2,58.0,5746,6.78,6.72,4.2
0.96,Fair,G,I1,64.5,60.0,2068,6.16,6.11,3.96
0.54,Ideal,F,VS1,61.8,54.0,1724,5.24,5.27,3.25
0.33,Ideal,F,VVS1,61.4,55.0,893,4.47,4.52,2.76
1.06,Premium,J,SI2,61.3,60.0,3740,6.59,6.52,4.02
1.07,Ideal,G,VS2,63.0,55.0,6471,6.55,6.5,4.11
1.52,Ideal,E,SI1,62.0,56.0,12907,7.36,7.34,4.56
0.32,Ideal,G,SI1,62.5,55.0,612,4.38,4.35,2.73
1.05,Very Good,E,VS1,63.1,59.0,7969,6.49,6.45,4.08
0.71,Premium,I,VS1,62.5,59.0,2202,5.75,5.71,3.58
1.09,Premium,H,SI2,61.2,62.0,4395,6.63,6.58,4.04
1.0,Fair,G,SI2,64.7,58.0,3541,6.24,6.19,4.02
1.08,Very Good,H,VS2,62.2,57.0,5155,6.5,6.55,4.06
0.9,Premium,F,SI1,62.6,60.0,4103,6.11,6.06,3.81
0.75,Premium,E,SI1,59.9,54.0,2760,6.0,5.96,3.58
0.23,Very Good,D,VS2,62.9,57.0,402,3.92,3.97,2.48
0.32,Ideal,G,VS2,61.5,55.0,580,4.39,4.43,2.71
0.34,Ideal,G,VS2,62.0,55.0,596,4.46,4.48,2.77
0.3,Premium,D,SI2,62.9,58.0,574,4.29,4.26,2.69
1.7,Ideal,E,SI1,60.1,57.0,14623,7.71,7.74,4.64
0.53,Ideal,G,VS2,61.6,56.0,1607,5.24,5.19,3.21
2.03,Premium,J,SI2,61.7,61.0,12078,8.18,8.04,5.0
0.7,Premium,G,VS2,62.9,62.0,2550,5.63,5.57,3.52
0.75,Ideal,G,SI1,62.2,57.0,2456,5.8,5.84,3.62
0.31,Ideal,D,VVS2,61.6,54.0,840,4.37,4.4,2.7
0.32,Very Good,J,SI1,63.2,56.0,480,4.36,4.31,2.74
0.9,Premium,E,SI2,60.4,59.0,3856,6.24,6.21,3.76
0.39,Premium,G,VS2,61.2,60.0,787,4.68,4.73,2.88
0.71,Premium,G,VS2,60.3,59.0,2443,5.79,5.76,3.48
0.31,Ideal,G,IF,61.9,56.0,988,4.39,4.36,2.71
0.7,Premium,F,SI1,62.1,58.0,2504,5.64,5.7,3.52
0.3,Ideal,I,VS1,61.5,58.0,454,4.28,4.31,2.64
1.3,Premium,D,SI2,61.5,58.0,7044,6.98,6.91,4.27
2.0,Ideal,I,VS1,62.3,56.0,12907,8.08,8.03,5.02
0.71,Ideal,E,VS2,61.7,56.0,2709,5.73,5.75,3.54
1.31,Premium,H,SI1,59.3,59.0,7395,7.18,7.13,4.24
1.01,Ideal,F,VVS2,61.6,56.0,8971,6.43,6.49,3.98
0.51,Premium,E,VS1,61.6,57.0,1989,5.13,5.1,3.15
1.5,Very Good,J,VS2,60.5,63.0,7308,7.32,7.27,4.41
0.51,Very Good,E,SI1,62.9,55.0,1284,5.06,5.12,3.2
0.74,Premium,D,SI1,60.6,60.0,2655,5.88,5.84,3.55
1.43,Fair,E,SI1,65.1,56.0,7928,7.1,7.03,4.61
0.9,Premium,I,VS1,60.7,58.0,3145,6.3,6.19,3.79
0.91,Premium,H,VS2,62.3,57.0,3963,6.22,6.13,3.85
0.76,Good,G,VS1,60.3,60.7,3121,5.86,5.9,3.55
1.06,Premium,I,SI1,62.9,60.0,4155,6.47,6.43,4.06
0.55,Very Good,D,SI1,61.6,56.0,1580,5.24,5.28,3.24
0.34,Premium,G,VS2,61.2,59.0,765,4.49,4.43,2.73
1.22,Very Good,G,VS1,61.2,58.0,9261,6.85,6.9,4.21
1.51,Premium,F,VS2,59.1,60.0,15253,7.52,7.45,4.42
0.5,Ideal,D,SI1,62.6,57.0,1654,5.1,5.06,3.18
1.17,Good,I,SI1,60.0,64.0,4586,6.91,6.83,4.12
1.17,Premium,I,SI1,62.6,58.0,4914,6.71,6.64,4.18
0.8,Good,E,VS2,63.3,59.0,3365,5.82,5.87,3.7
0.42,Ideal,D,VS1,62.3,57.0,1350,4.8,4.76,2.98
0.71,Premium,G,SI1,62.3,56.0,2283,5.69,5.65,3.53
0.8,Fair,G,SI2,61.2,58.0,2246,5.96,5.93,3.64
0.31,Ideal,G,VVS1,61.8,54.0,789,4.39,4.41,2.72
0.73,Premium,F,VS2,58.7,57.0,2882,5.97,5.92,3.49
1.21,Ideal,F,VS2,62.9,54.0,8557,6.82,6.78,4.28
0.3,Premium,G,VVS1,60.6,61.0,1013,4.35,4.33,2.63
0.77,Premium,E,VS2,60.5,59.0,3234,5.98,5.92,3.6
1.61,Premium,I,SI1,62.0,58.0,8978,7.46,7.51,4.64
0.55,Premium,E,SI2,59.7,58.0,1269,5.33,5.35,3.19
0.72,Premium,J,VS2,61.4,58.0,1944,5.76,5.74,3.53
0.37,Premium,H,VS1,60.9,60.0,833,4.63,4.6,2.81
0.3,Premium,G,VS1,61.9,59.0,605,4.3,4.32,2.67
1.55,Ideal,J,SI2,62.0,56.0,6805,7.42,7.38,4.59
0.37,Premium,F,VVS2,62.9,56.0,948,4.58,4.52,2.86
0.31,Premium,H,VS1,62.9,58.0,698,4.34,4.31,2.72
0.55,Ideal,F,SI2,61.7,55.0,1183,5.26,5.28,3.25
1.02,Premium,G,VS2,62.5,58.0,6301,6.41,6.46,4.02
0.23,Very Good,F,VVS2,61.4,56.0,583,3.94,3.97,2.43
1.01,Good,I,I1,63.1,57.0,2844,6.35,6.39,4.02
0.33,Premium,F,VS2,60.1,58.0,666,4.45,4.47,2.68
0.7,Fair,E,SI1,64.4,53.0,2697,5.61,5.57,3.6
0.62,Fair,F,VVS2,57.1,60.0,2088,5.65,5.7,3.24
0.32,Good,D,SI1,63.6,56.0,756,4.37,4.34,2.77
0.74,Ideal,I,SI1,61.3,56.0,2769,5.82,5.86,3.57
0.52,Ideal,H,VVS1,61.2,57.0,1809,5.17,5.22,3.18
0.95,Very Good,H,SI2,59.0,59.0,3335,6.38,6.51,3.77
0.51,Very Good,E,SI2,58.3,63.0,1265,5.21,5.26,3.05
0.32,Ideal,G,VS1,62.0,56.0,645,4.37,4.41,2.72
1.02,Premium,G,VS2,61.5,59.0,5250,6.4,6.45,3.95
0.77,Premium,E,VS1,60.8,56.0,3260,5.95,5.9,3.6
1.13,Very Good,F,SI1,61.2,59.0,5017,6.72,6.75,4.12
0.41,Premium,F,SI1,59.8,59.0,755,4.82,4.85,2.89
0.63,Ideal,J,SI1,61.8,56.0,1565,5.47,5.52,3.39
0.77,Ideal,D,VS2,61.8,56.0,3721,5.84,5.9,3.63
0.31,Premium,G,VVS1,60.5,60.0,816,4.33,4.4,2.64
0.71,Ideal,G,SI1,61.4,57.0,2386,5.76,5.71,3.52
1.2,Ideal,E,SI2,61.1,55.0,5494,6.9,6.87,4.21
1.01,Premium,G,VS1,62.6,59.0,6499,6.38,6.43,4.01
0.3,Very Good,G,VVS2,61.3,57.0,684,4.29,4.33,2.64
0.7,Ideal,D,SI2,62.1,55.0,2553,5.68,5.73,3.54
0.51,Premium,G,VS2,61.3,59.0,1443,5.17,5.11,3.15
0.32,Very Good,H,VS1,61.7,61.0,561,4.38,4.43,2.72
1.23,Very Good,E,VVS1,61.2,59.0,15878,6.9,6.98,4.25
0.51,Ideal,G,VS1,61.5,54.9,1708,5.13,5.25,3.17
0.3,Ideal,E,VS2,61.2,55.0,844,4.35,4.31,2.65
0.71,Ideal,G,SI1,61.6,56.0,2649,5.73,5.76,3.54
0.3,Premium,D,SI2,61.0,61.0,574,4.31,4.25,2.61
0.77,Ideal,E,SI1,61.0,56.0,3827,5.92,5.94,3.62
0.26,Very Good,D,VVS2,59.1,59.0,597,4.21,4.28,2.51
1.51,Ideal,I,VS2,62.3,57.0,9297,7.28,7.37,4.56
0.55,Premium,F,SI1,60.2,58.0,1410,5.31,5.35,3.21
2.25,Premium,J,SI1,61.8,61.0,16004,8.46,8.39,5.21
1.68,Premium,G,VS1,58.2,57.0,13445,7.89,7.85,4.58
1.09,Ideal,F,IF,61.6,55.0,11888,6.59,6.65,4.08
0.5,Ideal,F,SI2,61.6,54.0,1079,5.09,5.14,3.15
1.04,Good,F,VS1,63.2,57.0,7399,6.41,6.44,4.06
1.01,Premium,E,SI2,61.0,56.0,4371,6.42,6.36,3.9
0.31,Ideal,J,VS1,61.9,54.7,429,4.34,4.36,2.69
1.23,Premium,I,VS2,61.1,60.0,6206,6.95,6.89,4.23
1.51,Good,I,SI1,63.7,61.0,8097,7.11,7.15,4.54
0.31,Ideal,H,SI1,61.3,56.0,464,4.36,4.39,2.68
0.34,Premium,E,SI2,59.9,59.0,477,4.55,4.57,2.73
1.21,Good,H,SI1,58.2,58.0,6022,6.98,7.01,4.07
2.04,Ideal,J,SI1,59.1,59.0,12554,8.29,8.24,4.88
0.56,Very Good,G,SI1,61.8,55.0,1361,5.28,5.33,3.28
0.92,Good,G,SI2,63.8,57.0,2677,6.19,6.13,3.93
1.51,Premium,I,SI2,62.6,59.0,7292,7.31,7.28,4.57
0.42,Premium,E,SI1,62.0,58.0,722,4.82,4.85,3.0
0.85,Very Good,E,VS2,63.6,56.0,3997,5.97,6.01,3.81
0.59,Ideal,G,VS2,62.1,57.0,1774,5.36,5.39,3.34
0.42,Ideal,F,VS1,61.0,57.0,1031,4.84,4.87,2.96
0.4,Good,F,VVS1,60.6,62.0,1080,4.71,4.73,2.86
0.25,Very Good,G,VVS1,60.6,55.0,525,4.12,4.14,2.5
0.28,Ideal,H,IF,63.0,55.0,586,4.14,4.19,2.62
0.71,Good,G,VS1,58.1,59.0,2628,5.85,5.92,3.42
0.55,Very Good,F,VS2,62.1,55.4,1777,5.25,5.27,3.26
0.52,Premium,E,SI1,60.3,58.0,1369,5.2,5.24,3.15
0.71,Ideal,D,VS2,62.1,56.0,3321,5.71,5.75,3.56
1.0,Ideal,F,SI2,61.3,56.0,4452,6.46,6.43,3.95
0.31,Ideal,E,SI1,60.6,56.0,595,4.39,4.42,2.67
1.52,Premium,E,VS1,60.6,58.0,16628,7.38,7.44,4.49
0.7,Ideal,D,VVS2,62.0,53.4,4369,5.69,5.72,3.54
0.91,Ideal,E,SI1,60.7,56.0,3665,6.26,6.22,3.79
1.22,Very Good,G,VVS2,59.3,58.0,9706,6.97,6.99,4.14
1.2,Premium,F,SI1,60.1,59.0,7282,6.92,6.85,4.14
0.5,Very Good,D,VS2,63.4,57.0,1627,5.05,5.08,3.21
1.46,Premium,D,SI2,62.0,55.0,8683,7.32,7.23,4.51
2.21,Premium,H,SI2,61.3,60.0,14299,8.35,8.33,5.11
0.34,Good,D,SI1,63.1,57.0,626,4.44,4.46,2.81
1.05,Premium,H,SI2,62.8,56.0,3352,6.54,6.47,4.08
0.73,Premium,H,SI2,61.2,59.0,1699,5.83,5.77,3.55
0.52,Ideal,G,VVS2,61.4,55.3,1957,5.18,5.21,3.19
2.06,Ideal,H,SI2,62.0,57.0,11040,8.1,8.06,5.01
1.51,Very Good,H,VS2,62.4,55.6,12108,7.28,7.33,4.56
2.0,Fair,I,SI2,65.9,57.0,10833,7.96,7.79,5.19
1.11,Good,D,SI2,58.0,62.0,5015,6.77,6.81,3.94
1.01,Premium,F,VVS2,61.8,55.0,8688,6.45,6.36,3.96
0.31,Ideal,D,VS2,62.2,56.0,942,4.36,4.32,2.7
0.4,Ideal,H,SI2,62.6,55.0,540,4.7,4.72,2.95
1.51,Ideal,J,VS1,61.6,58.0,8067,7.35,7.43,4.55
0.58,Ideal,D,SI2,61.7,54.0,1356,5.4,5.43,3.34
1.0,Good,D,SI2,64.3,59.0,4065,6.21,6.3,4.02
0.3,Fair,F,VS2,56.3,64.0,729,4.44,4.39,2.5
0.82,Very Good,J,SI2,62.0,58.0,2175,5.93,5.98,3.69
0.71,Very Good,E,VS2,58.5,57.0,2630,5.87,5.9,3.44
0.44,Good,J,VS1,63.2,57.0,694,4.82,4.86,3.06
1.05,Premium,G,SI2,60.1,60.0,3828,6.58,6.66,3.98
2.52,Premium,H,SI2,62.4,57.0,17522,8.72,8.66,5.43
0.61,Premium,E,SI1,60.1,59.0,1812,5.51,5.48,3.3
0.4,Good,E,SI1,63.2,56.0,687,4.65,4.69,2.95
0.28,Ideal,F,SI1,60.6,55.0,481,4.26,4.3,2.6
0.34,Ideal,E,VS2,62.5,55.0,745,4.46,4.5,2.8
0.42,Ideal,D,SI1,61.7,56.0,1040,4.83,4.79,2.97
1.25,Ideal,H,SI2,61.6,55.0,6030,6.89,6.94,4.26
1.05,Very Good,H,SI2,63.8,58.0,4112,6.38,6.45,4.09
1.11,Premium,I,SI1,61.9,58.0,3978,6.63,6.61,4.1
1.02,Ideal,G,VVS2,59.2,58.0,8107,6.56,6.62,3.9
0.81,Ideal,F,SI1,61.5,57.0,3422,6.01,6.06,3.71
0.71,Very Good,I,VS2,61.1,60.0,2384,5.72,5.77,3.51
0.3,Ideal,D,VS1,61.6,54.0,718,4.34,4.36,2.68
0.42,Ideal,H,IF,61.9,56.0,1216,4.79,4.81,2.97
1.14,Very Good,D,SI1,60.2,60.0,7106,6.7,6.85,4.08
1.04,Very Good,F,SI2,62.4,54.0,4364,6.46,6.53,4.05
0.41,Ideal,G,SI1,62.6,54.0,923,4.78,4.74,2.98
0.83,Ideal,H,SI2,61.8,57.0,1863,6.08,5.99,3.73
1.55,Ideal,G,SI2,60.7,55.0,9530,7.54,7.51,4.57
0.9,Fair,D,SI2,66.0,58.0,3205,6.0,5.97,3.95
1.16,Premium,H,SI1,61.9,59.0,5091,6.73,6.74,4.17
0.59,Ideal,I,VS1,61.8,55.0,1401,5.41,5.43,3.35
1.53,Premium,J,IF,61.1,58.0,9596,7.45,7.41,4.54
0.91,Premium,H,VS2,59.6,60.0,3921,6.25,6.29,3.74
0.29,Very Good,F,VVS2,60.2,58.0,664,4.29,4.35,2.6
0.75,Premium,F,VS2,59.6,59.0,2835,6.04,5.94,3.57
0.93,Good,D,SI2,61.4,63.0,4165,6.22,6.26,3.83
1.12,Premium,F,SI2,60.5,59.0,4570,6.73,6.79,4.09
0.41,Ideal,E,SI1,61.5,55.0,711,4.78,4.81,2.95
0.56,Very Good,G,SI1,61.1,56.0,1408,5.32,5.34,3.26
0.45,Ideal,G,VVS1,61.5,57.0,1297,4.91,4.95,3.03
1.0,Premium,D,SI1,61.4,58.0,5096,6.4,6.34,3.91
0.57,Premium,D,VS2,61.7,60.0,2047,5.32,5.28,3.27
0.57,Ideal,G,VS2,61.8,56.0,1728,5.35,5.3,3.29
1.23,Very Good,I,SI1,60.5,58.0,5763,6.9,6.94,4.19
1.06,Very Good,G,VS2,60.1,58.0,6212,6.64,6.67,4.0
0.52,Ideal,E,VS2,61.5,56.0,1576,5.18,5.2,3.19
0.7,Ideal,D,VS1,62.6,58.0,3287,5.64,5.67,3.54
0.3,Ideal,E,VS2,61.8,56.0,658,4.29,4.32,2.66
0.9,Very Good,F,SI2,62.0,61.0,3770,6.14,6.16,3.81
1.2,Premium,F,VS2,62.1,54.0,8796,6.77,6.73,4.19
0.34,Premium,G,VS2,61.3,58.0,765,4.53,4.51,2.77
0.73,Premium,I,VS2,59.7,59.0,2246,5.81,5.94,3.51
0.33,Premium,G,VVS2,61.9,58.0,965,4.43,4.39,2.73
1.07,Very Good,G,VS2,62.9,59.0,6525,6.49,6.52,4.09
0.4,Good,D,SI2,63.9,53.0,798,4.71,4.68,3.0
1.2,Very Good,G,VS1,62.5,57.0,8150,6.84,6.75,4.25
1.15,Premium,I,SI1,62.2,56.0,4637,6.77,6.67,4.18
0.31,Ideal,D,VVS2,61.7,54.0,815,4.38,4.43,2.72
0.7,Premium,G,VS1,61.4,59.0,2535,5.74,5.59,3.51
0.4,Very Good,G,VS1,60.4,57.0,760,4.76,4.77,2.88
1.01,Very Good,E,SI1,62.8,59.0,5416,6.41,6.45,4.04
1.2,Premium,H,SI1,60.8,60.0,6282,6.9,6.85,4.18
0.31,Good,E,VVS1,60.9,61.0,725,4.32,4.35,2.64
0.27,Very Good,G,IF,60.8,57.0,566,4.2,4.22,2.56
1.23,Very Good,H,VVS1,62.5,58.0,8405,6.77,6.82,4.25
0.51,Premium,G,SI2,60.8,59.0,1052,5.2,5.19,3.16
0.39,Ideal,F,SI1,61.3,56.0,919,4.69,4.72,2.88
1.2,Ideal,I,SI2,59.6,61.0,4890,6.95,6.97,4.15
0.91,Good,H,VS1,63.4,56.0,4298,6.12,6.18,3.9
1.22,Premium,E,SI2,61.5,58.0,6237,6.81,6.85,4.2
0.27,Very Good,E,VS2,61.3,58.0,470,4.13,4.16,2.54
0.52,Ideal,F,VS2,61.1,56.0,1625,5.19,5.23,3.18
1.01,Premium,F,VS1,61.2,59.0,7982,6.48,6.42,3.95
0.3,Ideal,H,VS2,62.4,55.0,491,4.28,4.31,2.68
1.51,Good,H,VS2,64.0,59.0,10000,7.25,7.19,4.62
0.33,Premium,I,VVS2,61.5,58.0,743,4.45,4.43,2.73
1.07,Ideal,G,VVS2,62.4,54.0,8393,6.51,6.56,4.08
0.61,Premium,D,SI1,61.6,58.0,1614,5.37,5.34,3.3
0.83,Ideal,E,SI1,61.5,55.0,4024,6.05,6.08,3.73
1.12,Ideal,D,I1,60.6,55.0,4139,6.73,6.76,4.09
0.78,Good,E,SI2,64.0,57.0,2379,5.84,5.81,3.73
1.61,Very Good,J,SI1,61.7,60.0,7695,7.45,7.5,4.61
0.27,Very Good,G,VS1,61.0,54.0,439,4.19,4.21,2.56
0.55,Ideal,F,VS2,61.2,55.0,1580,5.28,5.3,3.24
0.31,Very Good,E,SI1,63.1,57.0,698,4.31,4.28,2.71
0.4,Ideal,E,VVS2,61.4,59.0,1106,4.71,4.74,2.9
0.9,Ideal,F,VS2,60.5,54.0,4531,6.22,6.17,3.75
0.81,Ideal,G,VS1,62.3,57.0,3544,5.99,5.95,3.72
0.32,Premium,F,VVS1,62.7,60.0,990,4.35,4.32,2.72
0.39,Ideal,D,VVS2,62.1,56.0,1212,4.65,4.69,2.9
0.34,Ideal,H,SI1,61.3,57.0,526,4.54,4.55,2.78
1.02,Premium,G,VS2,62.0,57.0,5581,6.48,6.43,4.0
1.23,Ideal,I,VS2,62.4,58.0,6817,6.81,6.88,4.27
0.62,Very Good,F,VS2,59.8,58.0,2041,5.55,5.59,3.33
1.51,Premium,F,SI1,63.0,58.0,11957,7.32,7.28,4.6
0.46,Ideal,J,VVS1,61.8,56.0,1018,4.97,4.93,3.06
0.9,Premium,I,VS1,62.9,60.0,3484,6.09,6.05,3.82
0.41,Very Good,I,VVS2,61.3,60.0,811,4.77,4.82,2.94
1.01,Very Good,G,SI1,63.4,58.0,5051,6.29,6.4,4.02
1.01,Very Good,H,SI1,63.4,59.0,4836,6.34,6.28,4.0
0.51,Ideal,F,SI2,60.2,55.0,1191,5.19,5.24,3.14
0.41,Premium,F,SI2,60.8,58.0,830,4.83,4.78,2.92
0.3,Ideal,D,SI1,62.0,56.0,552,4.3,4.34,2.68
1.0,Good,G,VS1,63.9,55.0,5920,6.28,6.34,4.03
1.01,Fair,I,SI1,65.5,58.0,3280,6.28,6.24,4.1
0.31,Ideal,G,VS1,62.1,55.0,625,4.33,4.37,2.7
0.31,Premium,F,VS2,62.3,60.0,625,4.32,4.35,2.7
0.9,Ideal,G,SI1,62.5,55.0,4260,6.17,6.21,3.87
0.46,Very Good,G,VS1,62.8,57.0,1049,4.92,4.83,3.06
1.51,Ideal,J,VS2,61.7,57.0,7847,7.44,7.4,4.58
1.14,Premium,H,SI1,60.7,58.0,5003,6.76,6.82,4.12
1.52,Premium,G,VVS1,60.4,59.0,16104,7.48,7.38,4.49
0.89,Premium,G,SI1,61.1,58.0,3190,6.24,6.17,3.79
0.42,Ideal,G,VS2,60.8,57.0,847,4.82,4.85,2.94
0.41,Very Good,D,SI1,64.1,54.0,689,4.72,4.74,3.03
0.9,Very Good,F,VS2,62.6,58.0,4681,6.08,6.13,3.82
0.3,Very Good,E,VVS1,60.5,57.0,862,4.37,4.39,2.65
0.3,Ideal,I,VVS1,61.1,57.0,709,4.36,4.32,2.65
0.4,Good,D,VS2,63.2,57.0,786,4.65,4.71,2.96
1.51,Very Good,I,SI1,63.0,59.0,8758,7.26,7.31,4.59
0.5,Good,E,SI2,58.2,59.0,1098,5.24,5.27,3.06
0.32,Ideal,E,VS2,61.6,55.0,900,4.42,4.41,2.72
0.32,Very Good,F,VVS1,59.4,59.0,886,4.45,4.47,2.65
0.43,Premium,G,VVS2,62.2,55.0,1129,4.84,4.81,3.0
0.3,Very Good,G,VVS2,63.2,57.0,878,4.27,4.24,2.69
2.01,Fair,F,SI1,58.6,95.0,13387,8.32,8.31,4.87
1.12,Ideal,J,SI1,62.4,57.0,4840,6.65,6.6,4.14
0.32,Very Good,G,VS2,60.2,57.0,561,4.42,4.45,2.67
0.7,Good,F,SI2,59.0,57.0,2100,5.8,5.83,3.43
1.03,Premium,D,VVS2,61.7,59.0,8469,6.43,6.48,3.98
0.7,Good,F,SI1,57.2,63.0,2401,5.84,5.87,3.35
1.35,Good,I,VS2,59.2,65.0,5610,7.18,7.13,4.23
0.38,Ideal,E,VVS1,62.4,56.0,1267,4.64,4.67,2.9
0.3,Very Good,D,VS2,62.5,59.0,710,4.23,4.28,2.66
0.87,Ideal,D,SI1,62.6,56.0,4108,6.17,6.08,3.84
1.2,Ideal,H,VS2,62.2,55.0,6956,6.76,6.85,4.23
1.73,Premium,I,VS1,61.8,58.0,13250,7.75,7.68,4.76
1.31,Premium,H,SI2,61.7,59.0,4548,7.03,6.98,4.32
0.44,Very Good,E,VS1,59.7,59.0,1090,4.94,5.01,2.97
0.52,Very Good,E,SI1,62.7,57.0,1389,5.1,5.14,3.21
0.35,Ideal,F,VS2,60.5,57.0,906,4.6,4.52,2.76
0.34,Ideal,E,SI1,61.2,57.0,637,4.48,4.51,2.75
0.31,Very Good,G,SI2,63.0,57.0,408,4.32,4.35,2.73
1.51,Fair,H,SI1,55.8,61.0,7509,7.72,7.63,4.28
1.0,Premium,F,SI1,60.6,62.0,5410,6.43,6.4,3.89
0.9,Good,D,SI1,61.9,64.0,3567,6.0,6.09,3.74
0.33,Ideal,D,SI2,62.9,56.0,631,4.43,4.41,2.78
0.27,Ideal,E,VS1,61.6,55.0,470,4.16,4.18,2.57
0.71,Premium,D,SI2,61.6,60.0,2317,5.7,5.64,3.49
0.9,Fair,F,VS2,64.7,54.0,3931,6.09,6.03,3.92
2.0,Good,I,VS1,58.8,65.0,15851,8.1,8.03,4.74
0.51,Premium,H,SI2,62.9,56.0,1125,5.08,5.06,3.19
0.6,Ideal,G,SI2,59.1,56.0,1250,5.58,5.52,3.28
1.23,Very Good,H,SI1,63.0,55.0,5665,6.72,6.78,4.27
0.71,Ideal,H,SI2,62.1,57.0,2122,5.68,5.76,3.55
1.03,Ideal,F,SI1,62.6,57.0,5366,6.42,6.46,4.03
1.01,Premium,D,SI1,58.1,61.0,5147,6.66,6.59,3.85
0.52,Ideal,G,VVS2,60.9,56.0,1858,5.22,5.26,3.19
0.9,Very Good,D,SI1,60.4,59.0,4846,6.21,6.24,3.76
1.21,Ideal,I,SI2,60.6,56.0,5091,6.92,6.94,4.2
1.08,Ideal,I,SI1,62.6,53.9,5049,6.51,6.56,4.09
1.01,Premium,G,VS2,62.4,59.0,5787,6.45,6.41,4.01
0.72,Very Good,H,VS1,62.8,56.0,2206,5.72,5.77,3.61
0.3,Ideal,D,VS2,61.8,55.0,911,4.34,4.3,2.67
1.07,Ideal,E,SI1,60.4,57.0,4973,6.62,6.56,3.98
0.31,Ideal,I,VS2,59.9,57.0,558,4.4,4.38,2.63
1.14,Very Good,E,IF,63.3,57.0,12647,6.63,6.71,4.22
1.2,Ideal,H,SI1,62.1,56.0,6518,6.83,6.76,4.22
2.28,Premium,H,SI1,59.3,58.0,13919,8.6,8.56,5.09
0.43,Premium,G,SI1,62.7,56.0,968,4.83,4.8,3.02
1.0,Premium,F,SI1,63.0,60.0,4234,6.34,6.24,3.97
0.7,Ideal,E,SI2,62.0,56.0,2061,5.71,5.74,3.55
0.4,Very Good,G,VVS2,59.2,63.0,945,4.88,4.81,2.87
0.42,Ideal,E,VVS2,61.3,56.0,1216,4.81,4.85,2.96
0.32,Ideal,D,VS2,61.9,57.0,972,4.39,4.37,2.71
0.55,Ideal,I,SI1,61.3,56.0,1367,5.29,5.34,3.26
0.31,Ideal,G,VS2,61.7,55.0,544,4.35,4.37,2.69
0.32,Ideal,H,VVS2,62.2,54.0,628,4.42,4.46,2.76
1.18,Premium,I,VS1,62.6,59.0,5477,6.73,6.71,4.21
0.3,Premium,D,VS2,60.9,58.0,911,4.35,4.32,2.64
0.54,Ideal,I,VS2,61.9,56.0,1260,5.2,5.26,3.24
1.17,Premium,G,VS1,60.6,60.0,7666,6.81,6.79,4.12
0.57,Ideal,G,VS1,62.1,56.0,1949,5.33,5.3,3.3
0.3,Premium,G,VVS1,62.6,58.0,1013,4.29,4.27,2.68
1.18,Ideal,E,VS1,61.4,57.0,11104,6.77,6.81,4.17
0.51,Very Good,F,VVS2,62.0,55.0,2041,5.11,5.14,3.17
2.22,Ideal,J,VS1,61.8,59.0,16689,8.34,8.37,5.16
0.41,Premium,G,VS1,61.5,58.0,961,4.8,4.76,2.94
0.32,Very Good,H,VVS2,61.6,55.0,645,4.42,4.44,2.73
2.08,Premium,G,SI2,62.2,60.0,12883,8.16,8.09,5.06
0.43,Fair,E,VS2,60.5,59.0,1107,4.92,4.9,2.97
0.53,Ideal,F,VS1,61.2,56.0,1830,5.22,5.24,3.2
1.2,Very Good,G,VVS2,60.7,60.0,9169,6.8,6.84,4.14
0.8,Premium,G,SI2,59.7,62.0,2484,6.02,5.98,3.58
0.56,Ideal,I,VVS1,61.1,55.0,1622,5.33,5.35,3.26
0.34,Premium,H,VS1,60.6,60.0,596,4.45,4.49,2.71
0.4,Premium,D,SI2,61.9,58.0,855,4.73,4.71,2.92
1.2,Ideal,I,IF,61.5,56.0,7367,6.79,6.84,4.19
1.51,Ideal,G,VS2,62.1,55.0,14482,7.38,7.33,4.56
1.01,Very Good,D,VS1,63.1,56.0,7785,6.38,6.33,4.01
1.06,Ideal,G,VS1,61.2,56.0,7790,6.56,6.62,4.03
1.51,Ideal,G,VS2,62.8,57.0,10553,7.33,7.26,4.58
0.74,Fair,J,VS1,58.8,68.0,1982,5.91,5.8,3.44
1.07,Premium,F,SI1,61.7,58.0,4597,6.58,6.62,4.07
0.71,Ideal,E,VS2,62.2,57.0,3073,5.69,5.73,3.55
0.77,Very Good,G,VS2,58.3,63.0,2896,6.0,6.05,3.51
0.79,Ideal,G,SI1,62.6,55.0,2871,5.91,5.95,3.71
0.31,Ideal,E,SI1,62.8,57.0,698,4.34,4.32,2.72
0.31,Ideal,D,VVS2,62.0,56.0,1034,4.35,4.37,2.7
0.7,Good,I,VS2,57.1,61.0,2010,5.9,5.93,3.38
0.9,Good,F,VS1,63.5,57.0,4580,6.06,6.09,3.86
1.7,Ideal,J,SI2,60.5,57.0,8505,7.74,7.84,4.71
0.5,Ideal,D,SI2,60.9,57.0,1368,5.15,5.12,3.12
1.01,Good,G,VVS2,63.1,56.0,7430,6.34,6.4,4.02
0.7,Very Good,D,VVS1,63.4,59.0,4362,5.63,5.64,3.57
0.44,Premium,J,VS1,61.9,57.0,891,4.9,4.83,3.01
1.58,Premium,I,VS1,61.1,59.0,10428,7.44,7.52,4.57
1.0,Ideal,G,SI1,62.4,56.0,4956,6.41,6.34,3.98
0.32,Ideal,E,VS1,61.8,56.0,825,4.4,4.43,2.73
0.41,Very Good,F,VVS1,63.3,55.0,1143,4.7,4.74,2.99
1.0,Very Good,H,VVS1,63.5,60.0,6296,6.36,6.3,4.02
0.32,Very Good,E,SI1,62.2,58.0,561,4.36,4.39,2.72
0.57,Very Good,G,VS2,62.6,55.0,1608,5.26,5.31,3.31
0.52,Ideal,G,VVS2,61.7,56.0,2012,5.16,5.14,3.18
0.71,Very Good,G,SI1,62.4,57.0,2206,5.66,5.69,3.54
0.31,Ideal,G,VVS2,62.4,56.0,707,4.31,4.35,2.7
0.3,Premium,H,SI1,62.9,59.0,554,4.28,4.24,2.68
0.52,Ideal,D,SI2,61.9,55.0,1292,5.16,5.18,3.2
0.55,Ideal,E,SI2,61.8,55.0,1273,5.26,5.29,3.26
1.12,Very Good,G,IF,61.0,58.0,9820,6.7,6.72,4.09
0.84,Very Good,G,VS2,61.8,57.0,3596,6.04,6.07,3.74
0.5,Premium,D,SI2,62.9,58.0,997,5.06,5.01,3.17
1.0,Premium,G,VS2,60.1,57.0,6272,6.42,6.35,3.84
1.18,Ideal,J,VS1,61.7,56.0,5182,6.79,6.82,4.2
0.24,Very Good,E,VVS1,61.7,61.0,485,3.95,3.99,2.45
1.02,Very Good,F,VS1,61.3,59.0,6785,6.45,6.51,3.97
0.32,Good,D,SI1,63.7,55.0,756,4.38,4.35,2.78
0.7,Good,E,VS1,59.4,61.0,3063,5.79,5.83,3.45
1.52,Very Good,F,VS2,62.3,56.0,14412,7.29,7.34,4.56
0.32,Ideal,F,SI1,61.9,55.0,491,4.38,4.41,2.72
0.32,Ideal,H,VS2,63.0,57.0,648,4.38,4.35,2.75
0.4,Good,E,SI1,63.9,58.0,882,4.67,4.63,2.97
0.41,Very Good,H,VS1,62.0,56.0,827,4.74,4.78,2.95
1.04,Very Good,G,SI1,61.8,59.0,5070,6.49,6.55,4.03
1.17,Ideal,D,SI2,62.5,56.0,5412,6.77,6.7,4.21
0.36,Ideal,I,VS1,62.0,54.0,587,4.58,4.61,2.85
2.06,Very Good,F,I1,58.7,61.0,9789,8.31,8.33,4.88
1.0,Ideal,E,VS2,61.6,57.0,6600,6.38,6.44,3.95
0.3,Premium,D,SI1,62.6,56.0,709,4.29,4.24,2.67
1.01,Fair,F,VS2,61.1,60.0,6271,6.49,6.4,3.94
0.26,Ideal,F,VS1,62.4,53.0,618,4.11,4.13,2.57
0.52,Good,E,VS2,58.3,61.0,1673,5.26,5.31,3.08
0.7,Good,F,VS2,62.6,61.0,2591,5.56,5.62,3.5
1.03,Ideal,F,VS2,62.4,56.0,6751,6.48,6.43,4.03
0.31,Ideal,E,VS2,61.6,56.0,680,4.32,4.38,2.68
0.33,Premium,E,VVS2,60.3,58.0,868,4.47,4.49,2.7
1.5,Very Good,H,SI1,63.5,58.0,7459,7.23,7.17,4.57
0.42,Very Good,E,SI1,61.4,54.0,728,4.83,4.87,2.98
1.01,Ideal,D,SI2,62.5,57.0,5206,6.39,6.35,3.98
0.37,Premium,F,SI1,61.5,59.0,791,4.62,4.59,2.83
1.65,Very Good,H,VS1,62.0,54.0,12686,7.55,7.62,4.7
0.31,Premium,D,SI1,58.5,59.0,537,4.49,4.44,2.61
1.08,Ideal,H,SI1,60.6,59.0,5756,6.61,6.65,4.02
1.15,Good,H,VS1,64.3,54.0,5935,6.66,6.62,4.27
0.34,Premium,I,VVS1,62.4,59.0,626,4.4,4.44,2.76
1.3,Good,J,VS2,63.6,59.0,5269,6.9,6.87,4.38
0.76,Very Good,F,VS2,62.0,58.0,2873,5.8,5.86,3.62
1.01,Ideal,E,VS2,61.6,57.0,7198,6.43,6.46,3.97
1.05,Premium,E,SI1,62.5,59.0,5951,6.5,6.43,4.04
0.76,Good,I,SI1,64.3,60.0,2326,5.69,5.64,3.64
0.7,Very Good,F,VS2,62.3,56.0,2362,5.66,5.71,3.54
0.4,Premium,E,VS2,62.0,58.0,1038,4.73,4.69,2.92
0.55,Ideal,E,VS2,62.0,56.0,1639,5.26,5.25,3.26
1.03,Premium,H,SI2,62.0,60.0,3749,6.47,6.41,4.0
1.29,Ideal,I,SI2,61.9,57.0,6097,6.99,7.04,4.34
0.31,Good,F,VS2,63.5,55.0,583,4.31,4.32,2.74
0.4,Good,E,SI1,64.2,56.0,882,4.69,4.66,3.0
0.41,Very Good,J,VVS1,60.1,58.0,775,4.79,4.83,2.89
0.33,Ideal,E,SI1,62.5,55.0,579,4.42,4.45,2.77
2.51,Premium,J,SI2,59.3,58.0,16278,8.83,8.87,5.25
0.3,Ideal,H,VVS1,62.0,56.0,636,4.31,4.34,2.68
0.71,Fair,D,VS2,56.9,65.0,2858,5.89,5.84,3.34
1.22,Ideal,I,SI1,61.7,55.2,6062,6.84,6.9,4.24
0.9,Premium,H,VS2,61.7,59.0,4191,6.19,6.13,3.8
1.21,Premium,G,VVS2,61.3,56.0,9779,6.88,6.85,4.21
0.5,Good,G,VS1,61.9,61.5,1565,5.03,5.04,3.12
0.64,Very Good,H,SI2,64.2,58.0,1292,5.43,5.48,3.5
0.5,Premium,E,VS2,58.6,60.0,1654,5.21,5.16,3.04
0.3,Very Good,G,VS1,61.2,59.0,605,4.28,4.32,2.63
1.43,Ideal,H,VS1,62.0,55.0,11498,7.21,7.28,4.49
0.36,Very Good,E,VS2,62.8,55.0,789,4.49,4.56,2.84
0.6,Ideal,I,SI1,62.1,55.0,1390,5.39,5.42,3.35
0.31,Ideal,I,SI1,62.2,56.0,418,4.34,4.37,2.71
1.04,Premium,H,SI1,58.7,61.0,4980,6.62,6.57,3.87
1.5,Premium,F,VS2,61.0,58.0,14352,7.37,7.31,4.48
1.51,Premium,H,VS1,61.0,60.0,11161,7.29,7.34,4.46
1.2,Ideal,J,SI1,61.6,57.0,4831,6.79,6.87,4.21
0.41,Ideal,E,SI1,62.1,54.0,969,4.81,4.76,2.97
1.11,Very Good,I,SI2,61.1,58.0,4202,6.63,6.69,4.07
0.9,Very Good,J,VS1,62.6,55.0,3102,6.11,6.13,3.83
0.7,Very Good,G,VS1,61.0,57.0,2591,5.69,5.72,3.48
0.75,Ideal,E,VS1,62.0,55.0,3462,5.83,5.88,3.66
1.0,Premium,F,SI2,61.5,58.0,3920,6.41,6.38,3.93
0.34,Ideal,D,VS2,60.8,57.0,730,4.52,4.56,2.76
0.51,Ideal,H,SI1,63.0,57.0,1195,5.14,5.11,3.23
0.3,Ideal,F,VS2,62.1,55.0,605,4.26,4.31,2.66
0.28,Very Good,D,VS1,61.7,58.0,487,4.19,4.24,2.6
0.78,Very Good,H,SI2,63.5,56.0,2265,5.82,5.86,3.71
1.51,Very Good,J,VVS2,62.9,58.0,8770,7.21,7.33,4.57
0.55,Very Good,E,VS2,61.5,56.0,1786,5.25,5.28,3.24
1.3,Ideal,H,VS2,62.9,56.0,5387,7.0,6.96,4.39
1.2,Good,J,VS2,63.7,58.0,4548,6.68,6.61,4.23
0.9,Very Good,H,SI1,62.3,63.0,3387,6.13,6.06,3.8
2.01,Very Good,H,SI1,58.2,63.0,18027,8.32,8.23,4.82
1.11,Premium,F,SI1,60.4,58.0,4699,6.68,6.66,4.03
1.52,Ideal,F,VS2,62.3,55.0,11405,7.37,7.33,4.58
0.71,Very Good,G,VS2,62.9,57.0,2598,5.69,5.72,3.59
1.27,Ideal,H,SI1,60.1,58.0,6858,7.02,7.05,4.23
1.2,Ideal,F,VS1,62.1,58.0,10367,6.78,6.84,4.23
0.32,Good,F,VS2,63.3,57.0,602,4.34,4.38,2.76
0.42,Premium,G,VVS1,59.3,59.0,1179,4.9,4.92,2.91
0.76,Very Good,H,VS2,63.4,58.0,2517,5.78,5.74,3.65
1.08,Good,E,SI2,63.7,57.0,4742,6.54,6.49,4.15
0.43,Ideal,I,VS2,61.8,55.0,716,4.85,4.89,3.01
0.26,Ideal,G,VS1,61.4,56.0,456,4.12,4.16,2.54
0.31,Premium,I,VS2,62.3,60.0,435,4.31,4.32,2.69
0.38,Very Good,E,VS2,61.2,56.0,740,4.67,4.71,2.87
0.91,Good,G,VS1,63.2,58.0,4284,6.07,6.15,3.86
0.54,Ideal,H,VS1,61.5,56.0,1381,5.22,5.25,3.22
1.06,Very Good,H,SI2,62.8,57.0,4372,6.49,6.57,4.1
0.38,Ideal,H,VVS1,60.7,56.0,1069,4.75,4.74,2.88
0.55,Ideal,D,VS2,62.8,57.0,1894,5.27,5.24,3.3
0.31,Premium,F,SI1,62.7,58.0,663,4.33,4.31,2.71
1.21,Good,G,VS2,59.1,61.0,7359,6.95,6.89,4.09
1.55,Premium,D,VS2,61.5,58.0,15991,7.48,7.51,4.61
0.32,Ideal,I,VS2,62.5,55.0,449,4.37,4.4,2.74
0.41,Very Good,F,VS1,58.6,61.0,1007,4.83,4.87,2.84
0.7,Fair,F,SI2,64.6,57.0,1947,5.6,5.57,3.61
0.91,Premium,G,VVS2,61.8,58.0,5167,6.24,6.16,3.83
0.32,Ideal,G,IF,61.0,57.0,918,4.44,4.48,2.72
0.91,Premium,E,SI1,62.1,58.0,4332,6.15,6.18,3.83
0.41,Ideal,G,VVS2,60.4,56.0,1007,4.8,4.83,2.91
0.31,Good,J,SI1,63.5,55.0,363,4.3,4.33,2.74
0.7,Very Good,I,VVS1,62.1,58.0,2565,5.62,5.65,3.5
0.3,Very Good,H,VS2,60.9,61.0,473,4.32,4.35,2.64
2.14,Ideal,H,SI2,63.0,55.0,12720,8.25,8.23,5.19
0.33,Ideal,E,VVS2,61.2,57.0,868,4.45,4.47,2.73
0.32,Ideal,G,VS1,60.5,56.0,828,4.44,4.42,2.68
0.34,Premium,E,SI1,60.7,60.0,765,4.51,4.48,2.73
0.3,Good,J,SI1,63.8,56.0,351,4.23,4.26,2.71
1.03,Premium,J,SI2,62.0,58.0,3378,6.47,6.52,4.03
0.46,Ideal,E,SI2,61.3,56.0,1116,5.02,4.96,3.06
1.14,Premium,G,SI1,62.7,58.0,5424,6.68,6.63,4.17
1.0,Very Good,E,SI1,63.3,56.0,5026,6.31,6.39,4.02
0.57,Ideal,H,SI2,62.3,56.0,1077,5.31,5.28,3.3
1.61,Premium,J,IF,62.1,58.0,10350,7.53,7.47,4.66
0.51,Premium,D,SI1,60.3,59.0,1687,5.22,5.2,3.14
2.01,Premium,I,SI1,62.4,61.0,15707,8.01,7.99,4.99
0.34,Ideal,E,SI2,61.3,55.0,454,4.49,4.52,2.76
1.06,Very Good,F,VS2,61.5,58.0,7706,6.53,6.57,4.03
1.16,Ideal,J,SI1,60.7,57.0,4028,6.83,6.77,4.13
1.01,Good,D,SI2,61.5,56.0,4260,6.36,6.42,3.93
0.3,Very Good,G,VVS2,63.3,57.0,878,4.27,4.23,2.69
0.62,Fair,D,SI2,64.6,57.0,1410,5.39,5.33,3.46
0.26,Good,E,VVS2,63.1,59.0,599,4.04,4.08,2.56
1.05,Ideal,G,VS2,61.8,57.0,6586,6.53,6.48,4.02
0.5,Premium,H,SI2,61.0,58.0,958,5.14,5.05,3.11
0.32,Very Good,E,SI1,63.5,56.0,672,4.38,4.34,2.77
0.52,Ideal,E,VS1,62.6,57.0,1668,5.11,5.15,3.21
1.72,Premium,G,VS1,59.4,60.0,17605,7.82,7.86,4.66
0.52,Ideal,E,VS1,61.3,56.0,1726,5.18,5.22,3.19
0.32,Ideal,F,VS1,61.0,54.0,716,4.42,4.44,2.7
0.55,Ideal,E,VS1,62.2,55.0,2079,5.26,5.22,3.26
0.75,Ideal,E,VS1,61.8,55.0,3086,5.85,5.87,3.62
1.02,Ideal,G,VS2,62.6,56.0,6591,6.4,6.44,4.02
1.34,Ideal,J,SI2,62.5,57.0,5273,7.0,7.08,4.4
1.03,Premium,G,VS2,62.2,56.0,5814,6.51,6.48,4.04
0.31,Ideal,G,IF,61.4,55.0,891,4.35,4.38,2.68
0.54,Premium,H,VVS2,60.6,60.0,1662,5.29,5.31,3.21
1.01,Premium,H,VS2,61.6,59.0,5166,6.45,6.47,3.98
0.26,Ideal,G,VS1,62.5,53.0,508,4.1,4.13,2.57
1.04,Very Good,E,SI2,60.7,59.0,4472,6.5,6.54,3.96
0.43,Very Good,E,VS2,62.8,56.0,981,4.79,4.86,3.03
1.01,Premium,I,SI1,62.9,58.0,4242,6.37,6.34,4.0
1.03,Ideal,H,I1,61.5,57.0,3230,6.52,6.48,4.0
1.06,Ideal,G,SI2,61.0,57.0,4578,6.56,6.61,4.02
1.22,Ideal,F,VS1,62.6,55.0,9581,6.82,6.86,4.28
0.74,Premium,D,SI2,61.8,59.0,2291,5.85,5.83,3.61
0.72,Very Good,F,SI1,62.6,55.0,2440,5.71,5.76,3.59
0.71,Premium,G,SI2,60.8,59.0,2913,5.7,5.74,3.48
0.5,Very Good,E,SI1,62.7,55.0,1331,5.06,5.09,3.18
0.32,Ideal,E,VVS1,61.6,56.0,827,4.37,4.43,2.71
1.52,Ideal,E,SI1,62.8,55.0,12431,7.3,7.35,4.6
1.18,Premium,I,VS1,62.1,58.0,5921,6.76,6.7,4.18
0.73,Ideal,J,VS2,62.0,56.0,2258,5.76,5.79,3.58
0.3,Premium,G,VS2,60.6,61.0,675,4.32,4.29,2.61
0.43,Good,E,SI2,63.6,55.0,858,4.83,4.8,3.06
1.01,Very Good,J,SI1,61.3,57.0,4153,6.45,6.5,3.97
0.37,Very Good,F,VS1,58.6,65.0,863,4.68,4.71,2.75
0.38,Premium,H,VS2,60.5,59.0,898,4.69,4.66,2.83
0.34,Ideal,E,SI1,61.7,56.0,765,4.52,4.49,2.78
1.3,Premium,I,VS2,60.3,60.0,5242,7.01,6.99,4.22
0.92,Good,D,SI2,57.8,63.0,3335,6.36,6.4,3.69
1.14,Good,I,VS1,63.3,56.0,5056,6.6,6.68,4.2
0.58,Good,E,VS1,61.5,61.9,2041,5.3,5.34,3.27
0.68,Premium,H,SI1,58.7,60.0,1708,5.8,5.76,3.39
1.0,Premium,E,I1,62.3,58.0,3136,6.38,6.33,3.96
0.38,Ideal,G,VS1,60.8,56.0,1069,4.71,4.66,2.85
0.96,Premium,J,SI1,60.3,59.0,3269,6.4,6.36,3.85
0.7,Very Good,G,SI1,63.3,57.0,2088,5.58,5.63,3.55
0.93,Premium,H,SI1,61.8,59.0,3750,6.27,6.23,3.86
0.33,Ideal,I,IF,61.4,56.0,694,4.41,4.45,2.72
1.5,Very Good,E,SI1,59.6,58.0,11586,7.38,7.41,4.41
1.04,Ideal,G,SI2,61.9,58.0,4973,6.47,6.51,4.02
0.32,Premium,G,VS1,61.7,58.0,828,4.41,4.38,2.71
0.51,Ideal,F,VS2,59.2,56.0,1619,5.23,5.18,3.08
0.31,Very Good,F,VS2,61.4,55.0,625,4.32,4.34,2.66
0.9,Very Good,I,VS1,62.6,58.0,3447,6.14,6.17,3.85
0.4,Ideal,F,VS2,62.0,59.0,1059,4.77,4.71,2.95
1.02,Ideal,G,SI2,62.6,58.0,4363,6.42,6.4,4.01
1.01,Good,D,SI2,64.5,58.0,4606,6.18,6.26,4.01
1.04,Ideal,I,SI1,62.2,56.0,4484,6.51,6.47,4.04
0.38,Ideal,F,VS1,62.8,56.0,998,4.64,4.59,2.9
0.72,Ideal,G,VS1,61.5,57.0,3478,5.74,5.79,3.54
0.41,Ideal,G,SI1,62.2,56.0,861,4.77,4.75,2.96
1.09,Very Good,E,SI2,60.9,59.0,5035,6.61,6.75,4.07
1.3,Ideal,H,VS1,61.3,59.0,8915,6.97,7.03,4.29
1.11,Premium,E,SI1,61.3,58.0,5908,6.66,6.61,4.07
0.9,Good,G,VS1,63.6,58.0,4540,6.09,6.12,3.88
0.54,Very Good,D,VS1,59.9,57.0,1988,5.38,5.3,3.2
0.57,Ideal,D,VS2,61.4,56.0,2103,5.37,5.34,3.29
0.5,Premium,E,VS2,61.8,59.0,1420,5.07,5.02,3.12
0.7,Fair,H,VS2,64.9,56.0,1981,5.49,5.51,3.57
0.3,Very Good,E,SI1,62.1,60.0,526,4.27,4.29,2.66
0.7,Ideal,D,SI2,62.0,57.0,2415,5.68,5.65,3.51
0.72,Premium,J,VS2,61.7,58.0,1941,5.67,5.77,3.53
0.72,Premium,F,SI1,62.6,59.0,2318,5.74,5.69,3.58
0.53,Premium,E,SI1,62.1,58.0,1395,5.11,5.19,3.2
1.01,Premium,H,VS2,59.1,58.0,5166,6.58,6.59,3.89
0.55,Premium,E,SI2,58.4,61.0,1134,5.37,5.31,3.12
0.53,Very Good,F,VS1,61.5,59.0,1821,5.19,5.22,3.2
1.23,Ideal,H,SI2,63.8,57.0,5510,6.78,6.72,4.31
2.1,Ideal,I,SI1,61.6,57.0,12168,8.24,8.15,5.05
0.46,Ideal,F,SI2,62.1,54.7,851,4.95,4.98,3.08
0.52,Ideal,G,VS1,62.3,55.0,1815,5.16,5.14,3.21
1.35,Ideal,D,VS2,61.3,57.0,10602,7.09,7.13,4.36